<?xml version="1.0" encoding="UTF-8" standalone="no"?>
<persistence xmlns="http://java.sun.com/xml/ns/persistence" xmlns:xsi="http://www.w3.org/2001/XMLSchema-instance" version="2.0" xsi:schemaLocation="http://java.sun.com/xml/ns/persistence http://java.sun.com/xml/ns/persistence/persistence_2_0.xsd">
<persistence-unit name="persistenceUnit" transaction-type="RESOURCE_LOCAL">
  <provider>org.hibernate.ejb.HibernatePersistence</provider>
  <class>com.grasim.IndogulfAPI.model.User</class>  
 
  <properties>
		 <property name="hibernate.dialect" value="org.hibernate.dialect.OracleDialect"/>
		<property name="hibernate.max_fetch_depth" value="3" />
		<property name="hibernate.connection.release_mode" value="after_transaction" /> 
        <property name="hibernate.show_sql" value="true" />
    </properties>
  </persistence-unit>
</persistence>